queue_id,entity_type,name,country,location,website,contact,source,priority,status,created_at
MEGA-0002,agency,ИНКОМ-Недвижимость,Russia,Москва,https://www.incom.ru,+7 495 363-10-10,https://www.incom.ru,B, 준비ed_no_send,2026-09-15T19:14:11Z
MEGA-0143,agency,Твоя столица,Беларусь,Минск,https://www.t-s.by/,Unknown,https://www.t-s.by/,B, 준비ed_no_send,2026-09-15T19:14:11Z
MEGA-0144,agency,Этажи (Минск),Беларусь,Минск,https://minsk.etagi.com/,reklama@minsk.etagi.com,https://etagy.by/,B, 준비ed_no_send,2026-09-15T19:14:11Z
MEGA-0145,agency,Квадратный метр,Беларусь,Минск,https://m2.by/ru,Unknown,https://m2.by/ru,B, 준비ed_no_send,2026-09-15T19:14:11Z
MEGA-0146,agency,Центр международной недвижимости Моя 7Я,Беларусь,Минск,https://centr7a.by/,reklama.intl@centr7a.by,https://centr7a.by/,B, 준비ed_no_send,2026-09-15T19:14:11Z
MEGA-0147,agency,Партнер для всех,Беларусь,Минск/Минская область,https://anpartner.by/,Unknown,https://anpartner.by/,B, 준비ed_no_send,2026-09-15T19:14:11Z
MEGA-0148,agency,7 этажей,Беларусь,Минск/Минская область,https://www.an7.by/,Unknown,https://www.an7.by/,B, 준비ed_no_send,2026-09-15T19:14:11Z
MEGA-0149,agency,YG HOME,Беларусь,Минск,https://yghome.by/,info@yghome.by,https://yghome.by/,B, 준비ed_no_send,2026-09-15T19:14:11Z
MEGA-0150,agency,Авангард Недвижимость,Беларусь,Минск/пригород,https://avangard-n.by/,Unknown,https://avangard-n.by/agency/about-us/,B, 준비ed_no_send,2026-09-15T19:14:11Z
MEGA-0151,agency,Гарант Недвижимость,Беларусь,Минск,https://garantiruem.by/,Unknown,https://garantiruem.by/,B, 준비ed_no_send,2026-09-15T19:14:11Z
MEGA-0152,agency,Твой Маёнтак,Беларусь,Минск/Минская область,https://tmaentak.by/,Unknown,https://tmaentak.by/,B, 준비ed_no_send,2026-09-15T19:14:11Z
MEGA-0153,agency,Мольнар,Беларусь,Минск/Беларусь,https://molnar.by/,Unknown,https://molnar.by/,B, 준비ed_no_send,2026-09-15T19:14:11Z
MEGA-0154,agency,Агентство недвижимости Мариэлт,Беларусь,Минск,https://marielt.by/,Unknown,https://marielt.by/,B, 준비ed_no_send,2026-09-15T19:14:11Z
MEGA-0155,agency,АН Фаттория,Беларусь,Минск,https://fattoria.by/,Unknown,https://fattoria.by/,B, 준비ed_no_send,2026-09-15T19:14:11Z
MEGA-0156,agency,AS Недвижимость,Беларусь,Минск,https://www.asrealt.by/,Unknown,https://www.asrealt.by/,B, 준비ed_no_send,2026-09-15T19:14:11Z
MEGA-0157,agency,Алькор Эстейт,Беларусь,Минск,https://alkor-realty.by/,Unknown,https://alkor-realty.by/,B, 준비ed_no_send,2026-09-15T19:14:11Z
MEGA-0158,agency,WT Group,Казахстан,Алматы/Астана,https://wtgroup.international/,Unknown,https://wtgroup.international/about,B, 준비ed_no_send,2026-09-15T19:14:11Z
MEGA-0159,agency,Grand Estate Company,Казахстан,Алматы,https://gec.kz/,Unknown,https://gec.kz/o-nas/,B, 준비ed_no_send,2026-09-15T19:14:11Z
MEGA-0160,agency,Ria Light,Казахстан,Алматы,https://rialight.kz/,info@rialight.kz,https://rialight.kz/about/,B, 준비ed_no_send,2026-09-15T19:14:11Z
MEGA-0161,agency,Hayat Estate Kazakhstan,Казахстан,Алматы,https://hayatestate.com/my-v-almaty,Unknown,https://hayatestate.com/my-v-almaty,B, 준비ed_no_send,2026-09-15T19:14:11Z
MEGA-0162,agency,Этажи (Алматы),Казахстан,Алматы,https://almaty.etagi.com/,Unknown,https://almaty.etagi.com/,B, 준비ed_no_send,2026-09-15T19:14:11Z
MEGA-0163,agency,Kentron,Армения,Ереван,https://www.real-estate.am/ru,kentron@real-estate.am,https://www.real-estate.am/ru,B, 준비ed_no_send,2026-09-15T19:14:11Z
MEGA-0164,agency,Best House,Армения,Ереван,https://besthouse.am/,info@besthouse.am,https://besthouse.am/,B, 준비ed_no_send,2026-09-15T19:14:11Z
MEGA-0165,agency,Альфа-Недвижимость,Беларусь,Минск,https://alfarealty.by/,Unknown,https://alfarealty.by/,B, 준비ed_no_send,2026-09-15T19:14:11Z
MEGA-0166,agency,Новая жизнь,Беларусь,Минск,https://novaya.by/,Unknown,https://novaya.by/,B, 준비ed_no_send,2026-09-15T19:14:11Z
MEGA-0167,agency,Альянс недвижимости,Беларусь,Минск,https://an-realt.by/,Unknown,https://an-realt.by/,B, 준비ed_no_send,2026-09-15T19:14:11Z
MEGA-0168,agency,Риэлт-Сити,Беларусь,Минск,https://rieltcity.by/,Unknown,https://rieltcity.by/,B, 준비ed_no_send,2026-09-15T19:14:11Z
MEGA-0169,agency,Альфа-Риэлт,Беларусь,Брест,https://alfarielt.by/,Unknown,https://alfarielt.by/,B, 준비ed_no_send,2026-09-15T19:14:11Z
MEGA-0170,agency,Home Invest,Казахстан,Алматы,https://homeinvest.kz/,Unknown,https://homeinvest.kz/,B, 준비ed_no_send,2026-09-15T19:14:11Z
MEGA-0171,agency,Adal Estate,Казахстан,Алматы,https://adalestate.kz/,Unknown,https://adalestate.kz/,B, 준비ed_no_send,2026-09-15T19:14:11Z
MEGA-0172,agency,Агентство недвижимости Евразия,Казахстан,Алматы,https://eurasia01.kz/,Unknown,https://eurasia01.kz/,B, 준비ed_no_send,2026-09-15T19:14:11Z
MEGA-0173,agency,АлмаДом,Казахстан,Алматы,https://almadom.kz/,Unknown,https://almadom.kz/,B, 준비ed_no_send,2026-09-15T19:14:11Z
MEGA-0174,agency,Hata.kz,Казахстан,Алматы,https://hata.kz/,Unknown,https://hata.kz/,B, 준비ed_no_send,2026-09-15T19:14:11Z
MEGA-0175,agency,CENTURY 21 Kazakhstan,Казахстан,Алматы/Астана,https://century21.kz/,Unknown,https://century21.kz/,B, 준비ed_no_send,2026-09-15T19:14:11Z
MEGA-0176,agency,BI Group Real Estate,Казахстан,Астана/Алматы,https://bi.group/,Unknown,https://bi.group/,B, 준비ed_no_send,2026-09-15T19:14:11Z
MEGA-0177,agency,WSE.AM,Армения,Ереван,https://wse.am/,Unknown,https://wse.am/,B, 준비ed_no_send,2026-09-15T19:14:11Z
MEGA-0178,agency,SIEVN,Армения,Ереван,https://sievn.am/,info@sievn.am,https://sievn.am/,B, 준비ed_no_send,2026-09-15T19:14:11Z
MEGA-0179,agency,Yerevan Realty,Армения,Ереван,https://yerevanrealty.am/,Unknown,https://yerevanrealty.am/,B, 준비ed_no_send,2026-09-15T19:14:11Z
MEGA-0180,agency,Estate.am,Армения,Ереван,https://estate.am/,Unknown,https://estate.am/,B, 준비ed_no_send,2026-09-15T19:14:11Z
MEGA-0181,agency,Prime Realty Armenia,Армения,Ереван,https://primerealty.am/,Unknown,https://primerealty.am/,B, 준비ed_no_send,2026-09-15T19:14:11Z
MEGA-0182,agency,Tuntun Realty,Армения,Ереван,https://tuntun.am/,Unknown,https://tuntun.am/,B, 준비ed_no_send,2026-09-15T19:14:11Z
MEGA-0183,agency,Agreement,Узбекистан,Ташкент,https://agreement.uz/,Unknown,https://agreement.uz/,B, 준비ed_no_send,2026-09-15T19:14:11Z
MEGA-0184,agency,Ключи Ташкента,Узбекистан,Ташкент,https://klyuchi.uz/,info@klyuchi.uz,https://klyuchi.uz/,B, 준비ed_no_send,2026-09-15T19:14:11Z
MEGA-0185,agency,TENCORP,Узбекистан,Ташкент,https://tencorp.uz/,Unknown,https://tencorp.uz/,B, 준비ed_no_send,2026-09-15T19:14:11Z
MEGA-0186,agency,Uybor,Узбекистан,Ташкент,https://uybor.uz/,Unknown,https://uybor.uz/,B, 준비ed_no_send,2026-09-15T19:14:11Z
MEGA-0187,agency,Imorat,Узбекистан,Ташкент,https://imorat.uz/,Unknown,https://imorat.uz/,B, 준비ed_no_send,2026-09-15T19:14:11Z
MEGA-0188,agency,Guzal Real Estate,Узбекистан,Ташкент,https://guzal.uz/,Unknown,https://guzal.uz/,B, 준비ed_no_send,2026-09-15T19:14:11Z
MEGA-0189,agency,Central Realty,Узбекистан,Ташкент,https://centralrealty.uz/,Unknown,https://centralrealty.uz/,B, 준비ed_no_send,2026-09-15T19:14:11Z
MEGA-0190,agency,Ararat Realty,Армения,Ереван,https://ararat-realty.am/,Unknown,https://ararat-realty.am/,B, 준비ed_no_send,2026-09-15T19:14:11Z
MEGA-0191,agency,Tatev Realty,Армения,Ереван,https://tatevrealty.am/,Unknown,https://tatevrealty.am/,B, 준비ed_no_send,2026-09-15T19:14:11Z
MEGA-0192,agency,Royal Estate Kazakhstan,Казахстан,Алматы,https://royalestate.kz/,Unknown,https://royalestate.kz/,B, 준비ed_no_send,2026-09-15T19:14:11Z
MEGA-0193,agency,Стильный дом,Беларусь,Минск,https://stilnydom.by/,Unknown,https://stilnydom.by/,B, 준비ed_no_send,2026-09-15T19:14:11Z
MEGA-0194,agency,Виват-риэлт,Беларусь,Минск,https://vivat-realt.by/,Unknown,https://vivat-realt.by/,B, 준비ed_no_send,2026-09-15T19:14:11Z
MEGA-0195,agency,Ключи01.kz,Казахстан,Алматы,https://kluchi01.kz/,01keys.kz@mail.ru,https://kluchi01.kz/,B, 준비ed_no_send,2026-09-15T19:14:11Z
MEGA-0196,agency,De Costa Group,Казахстан,Алматы,https://decostagroup.kz/,Unknown,https://decostagroup.kz/,B, 준비ed_no_send,2026-09-15T19:14:11Z
MEGA-0197,agency,Kentron Real Estate,Армения,Ереван,https://www.real-estate.am/,kentron@real-estate.am,https://www.real-estate.am/,B, 준비ed_no_send,2026-09-15T19:14:11Z
MEGA-0198,agency,Elate,Армения,Ереван,https://elate.am/ru/,info@elate.am,https://elate.am/ru/,B, 준비ed_no_send,2026-09-15T19:14:11Z
MEGA-0199,agency,Alex-R,Армения,Ереван,https://alex-r.am/ru/,Unknown,https://alex-r.am/ru/,B, 준비ed_no_send,2026-09-15T19:14:11Z
MEGA-0200,agency,Cascade Realty,Армения,Ереван,https://cascaderealty.am/,Unknown,https://cascaderealty.am/,B, 준비ed_no_send,2026-09-15T19:14:11Z
MEGA-0201,agency,MyRealty,Армения,Ереван,https://myrealty.am/,Unknown,https://myrealty.am/,B, 준비ed_no_send,2026-09-15T19:14:11Z
MEGA-0202,agency,Tashkent Realtor Group / ShahaR.Uz,Узбекистан,Ташкент,https://shahar.uz/,info@shahar.uz,https://shahar.uz/,B, 준비ed_no_send,2026-09-15T19:14:11Z
MEGA-0203,agency,Крыша,Казахстан,Алматы,https://krisha.kz/,Unknown,https://krisha.kz/,B, 준비ed_no_send,2026-09-15T19:14:11Z
MEGA-0204,agency,Homsters.kz,Казахстан,Алматы,https://homsters.kz/,Unknown,https://homsters.kz/,B, 준비ed_no_send,2026-09-15T19:14:11Z
MEGA-0205,agency,Kazakhstan Sotheby’s International Realty,Казахстан,Алматы,https://sothebysrealty.kz/,Unknown,https://sothebysrealty.kz/,B, 준비ed_no_send,2026-09-15T19:14:11Z
MEGA-0206,agency,First Realty Group,Казахстан,Алматы,https://firstrealty.kz/,Unknown,https://firstrealty.kz/,B, 준비ed_no_send,2026-09-15T19:14:11Z
MEGA-0207,agency,Atameken Real Estate,Казахстан,Алматы,https://atameken-realty.kz/,Unknown,https://atameken-realty.kz/,B, 준비ed_no_send,2026-09-15T19:14:11Z
MEGA-0208,agency,NIKA Estate,Казахстан,Алматы,https://nikaestate.kz/,Unknown,https://nikaestate.kz/,B, 준비ed_no_send,2026-09-15T19:14:11Z
MEGA-0209,agency,Aviator Real Estate,Казахстан,Астана,https://aviator-realty.kz/,Unknown,https://aviator-realty.kz/,B, 준비ed_no_send,2026-09-15T19:14:11Z
MEGA-0210,agency,Qazaqstan Realty,Казахстан,Астана,https://qazaqstanrealty.kz/,Unknown,https://qazaqstanrealty.kz/,B, 준비ed_no_send,2026-09-15T19:14:11Z
MEGA-0211,agency,A-Realty,Казахстан,Шымкент,https://a-realty.kz/,Unknown,https://a-realty.kz/,B, 준비ed_no_send,2026-09-15T19:14:11Z
MEGA-0212,agency,Zhilfond,Казахстан,Караганда,https://zhilfond.kz/,Unknown,https://zhilfond.kz/,B, 준비ed_no_send,2026-09-15T19:14:11Z
MEGA-0213,agency,Elite Realty,Армения,Ереван,https://eliterealty.am/,Unknown,https://eliterealty.am/,B, 준비ed_no_send,2026-09-15T19:14:11Z
MEGA-0214,agency,Capital Realty,Армения,Ереван,https://capitalrealty.am/,Unknown,https://capitalrealty.am/,B, 준비ed_no_send,2026-09-15T19:14:11Z
MEGA-0215,agency,Avangard Realty,Армения,Ереван,https://avangard-realty.am/,Unknown,https://avangard-realty.am/,B, 준비ed_no_send,2026-09-15T19:14:11Z
MEGA-0216,agency,Smart Realty,Армения,Ереван,https://smartrealty.am/,Unknown,https://smartrealty.am/,B, 준비ed_no_send,2026-09-15T19:14:11Z
MEGA-0217,agency,Imot.am,Армения,Ереван,https://imot.am/,Unknown,https://imot.am/,B, 준비ed_no_send,2026-09-15T19:14:11Z
MEGA-0218,agency,Realting.uz,Узбекистан,Ташкент,https://realting.uz/,Unknown,https://realting.uz/,B, 준비ed_no_send,2026-09-15T19:14:11Z
MEGA-0219,agency,Domtut.uz,Узбекистан,Ташкент,https://domtut.uz/,Unknown,https://domtut.uz/,B, 준비ed_no_send,2026-09-15T19:14:11Z
MEGA-0220,agency,Uyjoy.uz,Узбекистан,Ташкент,https://uyjoy.uz/,Unknown,https://uyjoy.uz/,B, 준비ed_no_send,2026-09-15T19:14:11Z
MEGA-0221,agency,New House Real Estate,Узбекистан,Ташкент,https://newhouse.uz/,Unknown,https://newhouse.uz/,B, 준비ed_no_send,2026-09-15T19:14:11Z
MEGA-0222,agency,Мегаполис,Беларусь,Минск,https://megapolis.by/,Unknown,https://megapolis.by/,B, 준비ed_no_send,2026-09-15T19:14:11Z
MEGA-0223,agency,РиэлтКафе,Беларусь,Минск,https://rieltcafe.by/,Unknown,https://rieltcafe.by/,B, 준비ed_no_send,2026-09-15T19:14:11Z
MEGA-0224,agency,Агентство недвижимости Этажи,Беларусь,Брест,https://brest.etagi.com/,Unknown,https://brest.etagi.com/,B, 준비ed_no_send,2026-09-15T19:14:11Z
MEGA-0225,agency,Атлант-М Недвижимость,Беларусь,Минск,https://atlantm.by/,Unknown,https://atlantm.by/,B, 준비ed_no_send,2026-09-15T19:14:11Z
MEGA-0226,agency,Ваш риэлтор,Беларусь,Гомель,https://vashrieltor.by/,Unknown,https://vashrieltor.by/,B, 준비ed_no_send,2026-09-15T19:14:11Z
MEGA-0227,agency,Магазин недвижимости,Беларусь,Витебск,https://realtyshop.by/,Unknown,https://realtyshop.by/,B, 준비ed_no_send,2026-09-15T19:14:11Z
MEGA-0228,agency,SV Real Estate,Узбекистан,Ташкент,https://realting.uz/,Unknown,https://realting.uz/,B, 준비ed_no_send,2026-09-15T19:14:11Z
MEGA-0229,agency,Domio,Узбекистан,Ташкент,https://realting.uz/,Unknown,https://realting.uz/,B, 준비ed_no_send,2026-09-15T19:14:11Z
MEGA-0230,agency,RNB ESTATE,Узбекистан,Ташкент,https://realting.uz/,Unknown,https://realting.uz/,B, 준비ed_no_send,2026-09-15T19:14:11Z
MEGA-0231,agency,SquareLab innovative property solutions,Узбекистан,Ташкент,https://realting.uz/,Unknown,https://realting.uz/,B, 준비ed_no_send,2026-09-15T19:14:11Z
MEGA-0232,agency,Единый Центр Новостроек,Узбекистан,Ташкент,https://realting.uz/,Unknown,https://realting.uz/,B, 준비ed_no_send,2026-09-15T19:14:11Z
MEGA-0233,agency,Human2Human,Узбекистан,Ташкент,https://realting.uz/,Unknown,https://realting.uz/,B, 준비ed_no_send,2026-09-15T19:14:11Z
MEGA-0234,agency,Yunusabad Residence,Узбекистан,Ташкент,https://realting.uz/,Unknown,https://realting.uz/,B, 준비ed_no_send,2026-09-15T19:14:11Z
MEGA-0235,agency,Luxe Construction Group,Узбекистан,Ташкент,https://realting.uz/,Unknown,https://realting.uz/,B, 준비ed_no_send,2026-09-15T19:14:11Z
MEGA-0236,agency,Агентство 7 этажей,Беларусь,Минск,https://www.an7.by/,Unknown,https://www.an7.by/,B, 준비ed_no_send,2026-09-15T19:14:11Z
MEGA-0237,agency,Евразия,Казахстан,Алматы,https://eurasia01.kz/,Unknown,https://eurasia01.kz/,B, 준비ed_no_send,2026-09-15T19:14:11Z
MEGA-0238,agency,Uybor.uz,Узбекистан,Ташкент,https://uybor.uz/,Unknown,https://uybor.uz/,B, 준비ed_no_send,2026-09-15T19:14:11Z
MEGA-0240,agency,РиэлтКонсалт,Russia,Омск,https://rieltconsult.ru/,info@rieltconsult.ru,https://rieltconsult.ru/,B, 준비ed_no_send,2026-09-15T19:14:11Z
MEGA-0241,agency,Диал,Russia,Екатеринбург,https://dial93.ru/,main@dial93.ru,https://dial93.ru/,B, 준비ed_no_send,2026-09-15T19:14:11Z
MEGA-0242,agency,Титул,Russia,Ростов-на-Дону,https://realtitul.ru/,client@realtitul.ru,https://realtitul.ru/,B, 준비ed_no_send,2026-09-15T19:14:11Z
MEGA-0243,agency,Новая жизнь,Russia,Самара,https://www.nlre.ru/,nlre@bk.ru,https://www.nlre.ru/,B, 준비ed_no_send,2026-09-15T19:14:11Z
MEGA-0244,agency,ГиперДОМ,Russia,Казань,https://www.giperdom.net/,agentstvo@giperdom.net,https://www.giperdom.net/,B, 준비ed_no_send,2026-09-15T19:14:11Z
MEGA-0245,agency,CentRoom,Russia,Казань,https://centroom.ru/,sale@centroom.ru,https://centroom.ru/,B, 준비ed_no_send,2026-09-15T19:14:11Z
MEGA-0246,agency,ЧФК недвижимость,Russia,Краснодар,https://bsfc.com/,bsfc@bsfc.com,https://bsfc.com/,B, 준비ed_no_send,2026-09-15T19:14:11Z
MEGA-0247,agency,На ЮГ,Russia,Краснодар,https://www.nayug24.ru/,krd@nayug24.ru,https://www.nayug24.ru/,B, 준비ed_no_send,2026-09-15T19:14:11Z
MEGA-0248,agency,Континент,Russia,Ростов-на-Дону,https://continent-realty.com/,kontinent-r@mail.ru,https://continent-realty.com/,B, 준비ed_no_send,2026-09-15T19:14:11Z
MEGA-0249,agency,Альмерия,Russia,Ростов-на-Дону,https://almeriy.ru/,info@almeriy.ru,https://almeriy.ru/,B, 준비ed_no_send,2026-09-15T19:14:11Z
MEGA-0250,agency,Золотой ключик,Russia,Нижний Новгород,https://goldkeynn.ru/,bossgoldkey@mail.ru,https://goldkeynn.ru/,B, 준비ed_no_send,2026-09-15T19:14:11Z
MEGA-0251,agency,Антей,Russia,Нижний Новгород,https://anteinn.ru/,ananteinn@mail.ru,https://anteinn.ru/,B, 준비ed_no_send,2026-09-15T19:14:11Z
MEGA-0252,agency,Донских Недвижимость,Russia,Нижний Новгород,https://donreal.ru/,ksdonskih@yandex.ru,https://donreal.ru/,B, 준비ed_no_send,2026-09-15T19:14:11Z
MEGA-0253,agency,РестА-НН,Russia,Нижний Новгород,https://restann.ru/,restann@yandex.ru,https://restann.ru/,B, 준비ed_no_send,2026-09-15T19:14:11Z
MEGA-0254,agency,Хайлайт,Russia,Нижний Новгород,https://an-hl.ru/,Anhlnn@mail.ru,https://an-hl.ru/,B, 준비ed_no_send,2026-09-15T19:14:11Z
MEGA-0255,agency,Виват-Риэлти,Russia,Нижний Новгород,https://vivatnn.ru/,vivat-rielty@mail.ru,https://vivatnn.ru/,B, 준비ed_no_send,2026-09-15T19:14:11Z
MEGA-0256,agency,Твой дом,Russia,Пермь,https://tvoydom59.ru/,tdom_perm@mail.ru,https://tvoydom59.ru/kompanija/,B, 준비ed_no_send,2026-09-15T19:14:11Z
MEGA-0257,agency,Риэлт Сервис Омск,Russia,Омск,https://omskrs.ru/,contact@omskrs.ru,https://omskrs.ru/,B, 준비ed_no_send,2026-09-15T19:14:11Z
MEGA-0258,agency,BOGDANOV-RIELT,Russia,Омск,https://bogdanov-rielt.ru/,andrey_bogdanov2018@mail.ru,https://bogdanov-rielt.ru/,B, 준비ed_no_send,2026-09-15T19:14:11Z
MEGA-0259,agency,Единый Центр Недвижимости,Russia,Тюмень,https://www.ecn72.ru/,+7 (3452) 707-202,https://www.ecn72.ru/,B, 준비ed_no_send,2026-09-15T19:14:11Z
MEGA-0261,agency,Дом Недвижимости,Russia,Екатеринбург,https://www.domnedv.ru/,2681501@mail.ru,https://www.domnedv.ru/,B, 준비ed_no_send,2026-09-15T19:14:11Z
MEGA-0263,developer,Emaar Properties,UAE,Dubai,https://www.emaar.com/,unknown,https://www.emaar.com/,A, 준비ed_no_send,2026-09-15T19:14:11Z
MEGA-0264,developer,DAMAC Properties,UAE,Dubai,https://www.damacproperties.com/,unknown,https://www.damacproperties.com/,A, 준비ed_no_send,2026-09-15T19:14:11Z
MEGA-0265,developer,Nakheel / Dubai Holding,UAE,Dubai,https://www.nakheel.com/,unknown,https://www.nakheel.com/,A, 준비ed_no_send,2026-09-15T19:14:11Z
MEGA-0266,developer,Sobha Realty,UAE,Dubai,https://www.sobharealty.com/,unknown,https://www.sobharealty.com/,A, 준비ed_no_send,2026-09-15T19:14:11Z
MEGA-0267,developer,Azizi Developments,UAE,Dubai,https://www.azizidevelopments.com/,unknown,https://www.azizidevelopments.com/,A, 준비ed_no_send,2026-09-15T19:14:11Z
MEGA-0268,developer,Binghatti,UAE,Dubai,https://www.binghatti.com/,unknown,https://www.binghatti.com/,A, 준비ed_no_send,2026-09-15T19:14:11Z
MEGA-0269,developer,Ellington Properties,UAE,Dubai,https://ellingtonproperties.ae/,unknown,https://ellingtonproperties.ae/,A, 준비ed_no_send,2026-09-15T19:14:11Z
MEGA-0270,developer,Danube Properties,UAE,Dubai,https://danubeproperties.com/,unknown,https://danubeproperties.com/,A, 준비ed_no_send,2026-09-15T19:14:11Z
MEGA-0271,developer,Meraas / Dubai Holding,UAE,Dubai,https://meraas.com/,unknown,https://meraas.com/,A, 준비ed_no_send,2026-09-15T19:14:11Z
MEGA-0272,developer,Omniyat,UAE,Dubai,https://www.omniyat.com/,unknown,https://www.omniyat.com/,A, 준비ed_no_send,2026-09-15T19:14:11Z
MEGA-0273,developer,Select Group,UAE,Dubai,https://select-group.ae/,unknown,https://select-group.ae/,A, 준비ed_no_send,2026-09-15T19:14:11Z
MEGA-0274,developer,MAG Lifestyle Development,UAE,Dubai,https://magld.com/,unknown,https://magld.com/,A, 준비ed_no_send,2026-09-15T19:14:11Z
MEGA-0275,developer,Wasl Asset Management Group,UAE,Dubai,https://www.wasl.ae/,unknown,https://www.wasl.ae/,A, 준비ed_no_send,2026-09-15T19:14:11Z
MEGA-0276,developer,Aldar Properties,UAE,Dubai,https://www.aldar.com/,unknown,https://www.aldar.com/,A, 준비ed_no_send,2026-09-15T19:14:11Z
MEGA-0277,developer,Arada,UAE,Dubai,https://www.arada.com/,unknown,https://www.arada.com/,A, 준비ed_no_send,2026-09-15T19:14:11Z
MEGA-0278,developer,Sobha Limited / Sobha Hartland,UAE,Dubai,https://www.sobharealty.com/,unknown,https://www.sobharealty.com/,A, 준비ed_no_send,2026-09-15T19:14:11Z
MEGA-0279,developer,Dubai Properties,UAE,Dubai,https://www.dp.ae/,unknown,https://www.dp.ae/,A, 준비ed_no_send,2026-09-15T19:14:11Z
MEGA-0280,developer,Union Properties,UAE,Dubai,https://unionproperties.ae/,unknown,https://unionproperties.ae/,A, 준비ed_no_send,2026-09-15T19:14:11Z
MEGA-0281,developer,Tiger Properties,UAE,Dubai,https://www.tigerproperties.ae/,unknown,https://www.tigerproperties.ae/,A, 준비ed_no_send,2026-09-15T19:14:11Z
MEGA-0282,developer,Reportage Properties,UAE,Dubai,https://reportageproperties.com/,unknown,https://reportageproperties.com/,A, 준비ed_no_send,2026-09-15T19:14:11Z
MEGA-0283,developer,Iman Developers,UAE,Dubai,https://imandevelopers.com/,unknown,https://imandevelopers.com/,A, 준비ed_no_send,2026-09-15T19:14:11Z
MEGA-0284,developer,Prescott Development,UAE,Dubai,https://prescott.ae/,unknown,https://prescott.ae/,A, 준비ed_no_send,2026-09-15T19:14:11Z
MEGA-0285,developer,Nshama,UAE,Dubai,https://www.nshama.ae/,unknown,https://www.nshama.ae/,A, 준비ed_no_send,2026-09-15T19:14:11Z
MEGA-0286,developer,Seven Tides,UAE,Dubai,https://www.seventides.com/,unknown,https://www.seventides.com/,A, 준비ed_no_send,2026-09-15T19:14:11Z
MEGA-0287,developer,Vinhomes,Vietnam,Vietnam,https://vinhomes.vn/,unknown,https://vinhomes.vn/,A, 준비ed_no_send,2026-09-15T19:14:11Z
MEGA-0288,developer,Novaland,Vietnam,Vietnam,https://www.novaland.com.vn/,unknown,https://www.novaland.com.vn/,A, 준비ed_no_send,2026-09-15T19:14:11Z
MEGA-0289,developer,Sun Group,Vietnam,Vietnam,https://sungroup.com.vn/,unknown,https://sungroup.com.vn/,A, 준비ed_no_send,2026-09-15T19:14:11Z
MEGA-0290,developer,BIM Group,Vietnam,Vietnam,https://bimgroup.com/,unknown,https://bimgroup.com/,A, 준비ed_no_send,2026-09-15T19:14:11Z
MEGA-0291,developer,Nam Long,Vietnam,Vietnam,https://www.namlongvn.com/,unknown,https://www.namlongvn.com/,A, 준비ed_no_send,2026-09-15T19:14:11Z
MEGA-0292,developer,Ecopark,Vietnam,Vietnam,https://ecopark.com.vn/,unknown,https://ecopark.com.vn/,A, 준비ed_no_send,2026-09-15T19:14:11Z
MEGA-0293,developer,Masterise Homes,Vietnam,Vietnam,https://masterisehomes.com/,unknown,https://masterisehomes.com/,A, 준비ed_no_send,2026-09-15T19:14:11Z
MEGA-0294,developer,Nomura Real Estate Vietnam,Vietnam,Vietnam,https://nomura-re-vn.com/,unknown,https://nomura-re-vn.com/,A, 준비ed_no_send,2026-09-15T19:14:11Z
MEGA-0295,developer,Phu Long,Vietnam,Vietnam,https://phulong.com/,unknown,https://phulong.com/,A, 준비ed_no_send,2026-09-15T19:14:11Z
MEGA-0296,developer,Khang Dien,Vietnam,Vietnam,https://khangdien.com.vn/,unknown,https://khangdien.com.vn/,A, 준비ed_no_send,2026-09-15T19:14:11Z
MEGA-0297,developer,Dat Xanh Group,Vietnam,Vietnam,https://www.datxanh.vn/,unknown,https://www.datxanh.vn/,A, 준비ed_no_send,2026-09-15T19:14:11Z
MEGA-0298,developer,CEO Group,Vietnam,Vietnam,https://ceogroup.com.vn/,unknown,https://ceogroup.com.vn/,A, 준비ed_no_send,2026-09-15T19:14:11Z
MEGA-0299,developer,FLC Group,Vietnam,Vietnam,https://flc.vn/,unknown,https://flc.vn/,A, 준비ed_no_send,2026-09-15T19:14:11Z
MEGA-0300,developer,BRG Group,Vietnam,Vietnam,https://brggroup.vn/,unknown,https://brggroup.vn/,A, 준비ed_no_send,2026-09-15T19:14:11Z
MEGA-0301,developer,CapitaLand Development Vietnam,Vietnam,Vietnam,https://www.capitaland.com/vn/en.html,unknown,https://www.capitaland.com/vn/en.html,A, 준비ed_no_send,2026-09-15T19:14:11Z
MEGA-0302,developer,Gamuda Land Vietnam,Vietnam,Vietnam,https://gamudaland.com.vn/,unknown,https://gamudaland.com.vn/,A, 준비ed_no_send,2026-09-15T19:14:11Z
MEGA-0303,developer,Keppel Vietnam,Vietnam,Vietnam,https://www.keppel.com/,unknown,https://www.keppel.com/,A, 준비ed_no_send,2026-09-15T19:14:11Z
MEGA-0304,developer,An Gia,Vietnam,Vietnam,https://angia.com.vn/,unknown,https://angia.com.vn/,A, 준비ed_no_send,2026-09-15T19:14:11Z
MEGA-0305,developer,Phat Dat,Vietnam,Vietnam,https://www.phatdat.com.vn/,unknown,https://www.phatdat.com.vn/,A, 준비ed_no_send,2026-09-15T19:14:11Z
MEGA-0306,developer,Van Phuc Group,Vietnam,Vietnam,https://vanphucgroup.com/,unknown,https://vanphucgroup.com/,A, 준비ed_no_send,2026-09-15T19:14:11Z
MEGA-0307,developer,Hung Thinh Land,Vietnam,Vietnam,https://hungthinhland.com/,unknown,https://hungthinhland.com/,A, 준비ed_no_send,2026-09-15T19:14:11Z
MEGA-0308,developer,Muong Thanh Group,Vietnam,Vietnam,https://muongthanh.com/,unknown,https://muongthanh.com/,A, 준비ed_no_send,2026-09-15T19:14:11Z
MEGA-0309,developer,T&T Group,Vietnam,Vietnam,https://ttgroup.com.vn/,unknown,https://ttgroup.com.vn/,A, 준비ed_no_send,2026-09-15T19:14:11Z
MEGA-0310,developer,Taseco Land,Vietnam,Vietnam,https://tasecoland.vn/,unknown,https://tasecoland.vn/,A, 준비ed_no_send,2026-09-15T19:14:11Z
MEGA-0319,developer,The Ozone Group Phuket,Thailand,Phuket,https://ozonephuket.com/,sales@theozonegroupphuket.com,https://ozonephuket.com/,A, 준비ed_no_send,2026-09-15T19:14:11Z
MEGA-0321,developer,Anchan Villas / Pearl Island Property,Thailand,Phuket,https://anchanvillas.com/,info@anchanvillas.com,https://anchanvillas.com/,A, 준비ed_no_send,2026-09-15T19:14:11Z
MEGA-0325,developer,Phuket9,Thailand,Phuket,https://phuket9.com/,sales@phuket9.com,https://phuket9.com/,A, 준비ed_no_send,2026-09-15T19:14:11Z
MEGA-0326,developer,Magnum Development,Indonesia,Bali,https://magnumdevelopments.com/,unknown,https://magnumdevelopments.com/,A, 준비ed_no_send,2026-09-15T19:14:11Z
MEGA-0327,developer,Hatten Land,Indonesia,Bali,https://hattenland.com/,unknown,https://hattenland.com/,A, 준비ed_no_send,2026-09-15T19:14:11Z
MEGA-0328,developer,Kura Kura Bali / BTID,Indonesia,Bali,https://kurakurabali.com/,unknown,https://kurakurabali.com/,A, 준비ed_no_send,2026-09-15T19:14:11Z
MEGA-0329,developer,Nuanu,Indonesia,Bali,https://nuanu.com/,unknown,https://nuanu.com/,A, 준비ed_no_send,2026-09-15T19:14:11Z
MEGA-0330,developer,Bali National Golf Club / ITDC,Indonesia,Bali,https://www.itdc.co.id/,unknown,https://www.itdc.co.id/,A, 준비ed_no_send,2026-09-15T19:14:11Z
MEGA-0331,developer,Ciputra Development,Indonesia,Bali,https://ciputradevelopment.com/,unknown,https://ciputradevelopment.com/,A, 준비ed_no_send,2026-09-15T19:14:11Z
MEGA-0332,developer,Sinar Mitbana Mas,Indonesia,Bali,https://www.sinarmitbana.co.id/,unknown,https://www.sinarmitbana.co.id/,A, 준비ed_no_send,2026-09-15T19:14:11Z
MEGA-0333,developer,Synthesis Development,Indonesia,Bali,https://synthesis-development.id/,unknown,https://synthesis-development.id/,A, 준비ed_no_send,2026-09-15T19:14:11Z
MEGA-0334,developer,MNC Land,Indonesia,Bali,https://mncland.com/,unknown,https://mncland.com/,A, 준비ed_no_send,2026-09-15T19:14:11Z
MEGA-0335,developer,PT Bali Ragawisata,Indonesia,Bali,https://www.baliragawisata.com/,unknown,https://www.baliragawisata.com/,A, 준비ed_no_send,2026-09-15T19:14:11Z
MEGA-0336,developer,The Mulia Bali,Indonesia,Bali,https://www.themulia.com/bali,unknown,https://www.themulia.com/bali,A, 준비ed_no_send,2026-09-15T19:14:11Z
MEGA-0337,developer,Bvlgari Resort Bali,Indonesia,Bali,https://www.bulgarihotels.com/en_US/bali,unknown,https://www.bulgarihotels.com/en_US/bali,A, 준비ed_no_send,2026-09-15T19:14:11Z
MEGA-0338,developer,Six Senses Uluwatu,Indonesia,Bali,https://www.sixsenses.com/en/resorts/uluwatu-bali,unknown,https://www.sixsenses.com/en/resorts/uluwatu-bali,A, 준비ed_no_send,2026-09-15T19:14:11Z
MEGA-0339,developer,Raffles Bali,Indonesia,Bali,https://www.raffles.com/bali/,unknown,https://www.raffles.com/bali/,A, 준비ed_no_send,2026-09-15T19:14:11Z
MEGA-0340,developer,Mandarin Oriental Bali,Indonesia,Bali,https://www.mandarinoriental.com/en/nusa-dua,unknown,https://www.mandarinoriental.com/en/nusa-dua,A, 준비ed_no_send,2026-09-15T19:14:11Z
MEGA-0341,developer,The Apurva Kempinski Bali,Indonesia,Bali,https://www.kempinski.com/en/the-apurva-kempinski-bali,unknown,https://www.kempinski.com/en/the-apurva-kempinski-bali,A, 준비ed_no_send,2026-09-15T19:14:11Z
MEGA-0342,developer,The Westin Resort Nusa Dua,Indonesia,Bali,https://www.marriott.com/en-us/hotels/dpswi-the-westin-resort-nusa-dua-bali/overview/,unknown,https://www.marriott.com/en-us/hotels/dpswi-the-westin-resort-nusa-dua-bali/overview/,A, 준비ed_no_send,2026-09-15T19:14:11Z
MEGA-0343,developer,Bali Tourism Development Corporation,Indonesia,Bali,https://www.itdc.co.id/,unknown,https://www.itdc.co.id/,A, 준비ed_no_send,2026-09-15T19:14:11Z
MEGA-0344,developer,Tanah Lot Bali,Indonesia,Bali,https://www.tanahlotbali.com/,unknown,https://www.tanahlotbali.com/,A, 준비ed_no_send,2026-09-15T19:14:11Z
MEGA-0345,developer,Bali Property Partners / Expatriate Indonesia,Indonesia,Bali,https://www.expatindonesia.com/,unknown,https://www.expatindonesia.com/,A, 준비ed_no_send,2026-09-15T19:14:11Z
MEGA-0346,developer,Botanica Luxury Villas,Thailand,Phuket,https://www.botanicaluxuryvilla.com/,info@botanicaluxuryvilla.com,https://www.botanicaluxuryvilla.com/agent_club/,A, 준비ed_no_send,2026-09-15T19:14:11Z
MEGA-0347,developer,Sansiri,Thailand,Phuket,https://sansiri.com/,internationalbuyers@sansiri.com,https://www.sansiri.com/agent-recruitment/en/,A, 준비ed_no_send,2026-09-15T19:14:11Z
MEGA-0348,developer,Aquella,Thailand,Phuket,https://aquella.com/,sales@aquella.com,https://aquella.com/,A, 준비ed_no_send,2026-09-15T19:14:11Z
MEGA-0349,developer,Laguna Phuket / Laguna Residences,Thailand,Phuket,https://www.lagunaphuket.com/,SILK@lagunaphuket.com,https://www.lagunaphuket.com/contact-us/,A, 준비ed_no_send,2026-09-15T19:14:11Z
MEGA-0350,developer,Fivewood Estate / Annara Residences,Thailand,Phuket,https://www.annaragroup.com/,unknown,https://www.annaragroup.com/,A, 준비ed_no_send,2026-09-15T19:14:11Z
MEGA-0351,developer,Wallaya Villas,Thailand,Phuket,https://www.wallayavillas.com/,unknown,https://www.wallayavillas.com/privacy-policy/,A, 준비ed_no_send,2026-09-15T19:14:11Z
MEGA-0352,developer,Supalai,Thailand,Phuket,https://www.supalai.com/,unknown,https://www.supalai.com/,A, 준비ed_no_send,2026-09-15T19:14:11Z
MEGA-0353,developer,Rhom Bho Property PCL,Thailand,Phuket,https://www.thetitleresidence.com/,Head office / IR,https://investor.rhombho.co.th/en/information-inquiry/contact,A, 준비ed_no_send,2026-09-15T19:14:11Z
MEGA-0354,developer,AssetWise PCL,Thailand,Phuket,https://assetwise.co.th/en/,General contact form,https://assetwise.co.th/en/contact/,A, 준비ed_no_send,2026-09-15T19:14:11Z
MEGA-0355,developer,Botanica Luxury Phuket,Thailand,Phuket,https://botanicaluxury.com/en,Sales,https://botanicaluxury.com/en,A, 준비ed_no_send,2026-09-15T19:14:11Z
MEGA-0356,developer,Sansiri PCL,Thailand,Phuket,https://www.sansiri.com/,Investor/business enquiry,https://investor.sansiri.com/th/information-inquiry/contact,A, 준비ed_no_send,2026-09-15T19:14:11Z
MEGA-0357,developer,Origin Property PCL,Thailand,Phuket,https://origin.co.th/,Corporate contact,https://origin.co.th/,A, 준비ed_no_send,2026-09-15T19:14:11Z
MEGA-0358,developer,"Andaman Asset Solution Co., Ltd.",Thailand,Phuket,https://andamanassetsolution.com/,Sales Director Mr. Sunthorn A. (Nhong),https://andamanassetsolution.com/contact/,A, 준비ed_no_send,2026-09-15T19:14:11Z
MEGA-0359,developer,"VIP Property Development Co., Ltd.",Thailand,Phuket,https://www.vipthailand.com/,Marketing / Sales,https://www.vipthailand.com/contact/,A, 준비ed_no_send,2026-09-15T19:14:11Z
MEGA-0360,developer,"Phuket9 Real Estate Development Co., Ltd.",Thailand,Phuket,https://phuket9.com/,Sales,https://phuket9.com/ ; https://ru.phuket9.com/contacts,A, 준비ed_no_send,2026-09-15T19:14:11Z
MEGA-0361,developer,Sri panwa Residence,Thailand,Phuket,https://www.sripanwaresidence.com/,Residence sales,https://www.sripanwaresidence.com/contact,A, 준비ed_no_send,2026-09-15T19:14:11Z
MEGA-0362,developer,Layan Green Park,Thailand,Phuket,https://layan.greenparkphuket.com/,unknown,https://layan.greenparkphuket.com/,A, 준비ed_no_send,2026-09-15T19:14:11Z
MEGA-0363,developer,Layan Verde,Thailand,Phuket,https://layanverde.com/,unknown,https://layanverde.com/,A, 준비ed_no_send,2026-09-15T19:14:11Z
MEGA-0364,developer,Trichada Villas,Thailand,Phuket,https://trichada.com/,unknown,https://trichada.com/,A, 준비ed_no_send,2026-09-15T19:14:11Z
MEGA-0365,developer,Habitat Group,Thailand,Phuket,https://www.habitatgroup.co.th/,unknown,https://www.habitatgroup.co.th/,A, 준비ed_no_send,2026-09-15T19:14:11Z
MEGA-0366,developer,Arthouse Group,Thailand,Phuket,https://arthousegroup.com/,unknown,https://arthousegroup.com/,A, 준비ed_no_send,2026-09-15T19:14:11Z
MEGA-0367,developer,VIP Thailand Group,Thailand,Phuket,https://vipthailandgroup.com/,unknown,https://vipthailandgroup.com/,A, 준비ed_no_send,2026-09-15T19:14:11Z
MEGA-0368,developer,Andaman Riviera,Thailand,Phuket,https://andamanriviera.com/,unknown,https://andamanriviera.com/,A, 준비ed_no_send,2026-09-15T19:14:11Z
MEGA-0369,developer,The Residence Prime,Thailand,Phuket,https://theresidenceprime.com/,unknown,https://theresidenceprime.com/,A, 준비ed_no_send,2026-09-15T19:14:11Z
MEGA-0370,developer,The Niche Estates,Thailand,Phuket,https://thenicheestates.com/,unknown,https://thenicheestates.com/,A, 준비ed_no_send,2026-09-15T19:14:11Z
MEGA-0371,developer,Eden Development Phuket,Thailand,Phuket,https://edenphuket.com/,unknown,https://edenphuket.com/,A, 준비ed_no_send,2026-09-15T19:14:11Z
MEGA-0372,developer,7th Heaven Phuket,Thailand,Phuket,https://7thheavenphuket.com/,unknown,https://7thheavenphuket.com/,A, 준비ed_no_send,2026-09-15T19:14:11Z
MEGA-0373,developer,Royal Phuket Marina,Thailand,Phuket,https://www.royalphuketmarina.com/,unknown,https://www.royalphuketmarina.com/,A, 준비ed_no_send,2026-09-15T19:14:11Z
MEGA-0374,developer,MontAzure,Thailand,Phuket,https://www.montazure.com/,unknown,https://www.montazure.com/,A, 준비ed_no_send,2026-09-15T19:14:11Z
MEGA-0375,developer,Marriott Residences Phuket,Thailand,Phuket,https://www.marriottresidencesphuket.com/,unknown,https://www.marriottresidencesphuket.com/,A, 준비ed_no_send,2026-09-15T19:14:11Z
MEGA-0376,developer,Rosewood Phuket Residences,Thailand,Phuket,https://www.rosewoodhotels.com/en/phuket,unknown,https://www.rosewoodhotels.com/en/phuket,A, 준비ed_no_send,2026-09-15T19:14:11Z
MEGA-0377,developer,Cassia Phuket Residences,Thailand,Phuket,https://www.cassiaresidences.com/,unknown,https://www.cassiaresidences.com/,A, 준비ed_no_send,2026-09-15T19:14:11Z
MEGA-0378,developer,The Palm Residences Phuket,Thailand,Phuket,https://thepalmresidences.com/,unknown,https://thepalmresidences.com/,A, 준비ed_no_send,2026-09-15T19:14:11Z
MEGA-0379,developer,Chalong Miracle Lakeview,Thailand,Phuket,https://chalongmiracle.com/,unknown,https://chalongmiracle.com/,A, 준비ed_no_send,2026-09-15T19:14:11Z
MEGA-0380,developer,The Title Heritage,Thailand,Phuket,https://thetitleresidence.com/,unknown,https://thetitleresidence.com/,A, 준비ed_no_send,2026-09-15T19:14:11Z
MEGA-0381,developer,The Title Legendary,Thailand,Phuket,https://thetitleresidence.com/,unknown,https://thetitleresidence.com/,A, 준비ed_no_send,2026-09-15T19:14:11Z
MEGA-0382,developer,The Title Serenity,Thailand,Phuket,https://thetitleresidence.com/,unknown,https://thetitleresidence.com/,A, 준비ed_no_send,2026-09-15T19:14:11Z
MEGA-0383,developer,Origin Residences Bangtao,Thailand,Phuket,https://origin.co.th/,unknown,https://origin.co.th/en/origin-agent-club,A, 준비ed_no_send,2026-09-15T19:14:11Z
MEGA-0384,developer,SO Origin Bangtao Beach,Thailand,Phuket,https://origin.co.th/,unknown,https://origin.co.th/en/origin-agent-club,A, 준비ed_no_send,2026-09-15T19:14:11Z
MEGA-0385,developer,The Base Cherngtalay,Thailand,Phuket,https://sansiri.com/location/phuket-en/,internationalbuyers@sansiri.com,https://www.sansiri.com/agent-recruitment/en/,A, 준비ed_no_send,2026-09-15T19:14:11Z
MEGA-0386,developer,Setthasiri Kohkaew Retreat,Thailand,Phuket,https://sansiri.com/location/phuket-en/,internationalbuyers@sansiri.com,https://www.sansiri.com/agent-recruitment/en/,A, 준비ed_no_send,2026-09-15T19:14:11Z
MEGA-0387,developer,Botanica Foresta,Thailand,Phuket,https://www.botanicaluxuryvilla.com/,info@botanicaluxuryvilla.com,https://www.botanicaluxuryvilla.com/agent_club/,A, 준비ed_no_send,2026-09-15T19:14:11Z
MEGA-0388,developer,Botanica Hythe,Thailand,Phuket,https://www.botanicaluxuryvilla.com/,info@botanicaluxuryvilla.com,https://www.botanicaluxuryvilla.com/agent_club/,A, 준비ed_no_send,2026-09-15T19:14:11Z
MEGA-0389,developer,Laguna Lakeside,Thailand,Phuket,https://www.lagunaphuket.com/,SILK@lagunaphuket.com,https://www.lagunaphuket.com/contact-us/,A, 준비ed_no_send,2026-09-15T19:14:11Z
MEGA-0390,developer,Laguna Golf Residences Hibiscus,Thailand,Phuket,https://www.lagunaphuket.com/,SILK@lagunaphuket.com,https://www.lagunaphuket.com/contact-us/,A, 준비ed_no_send,2026-09-15T19:14:11Z
MEGA-0391,developer,The Ozone Residences,Thailand,Phuket,https://ozonephuket.com/,sales@theozonegroupphuket.com,https://ozonephuket.com/,A, 준비ed_no_send,2026-09-15T19:14:11Z
MEGA-0392,developer,The Ozone Kingdom,Thailand,Phuket,https://ozonephuket.com/,sales@theozonegroupphuket.com,https://ozonephuket.com/,A, 준비ed_no_send,2026-09-15T19:14:11Z
MEGA-0393,developer,Anchan Lagoon Villas,Thailand,Phuket,https://anchanvillas.com/,info@anchanvillas.com,https://anchanvillas.com/,A, 준비ed_no_send,2026-09-15T19:14:11Z
MEGA-0394,developer,Utopia Thalang,Thailand,Phuket,https://utopia.co.th/,unknown,https://utopia.co.th/,A, 준비ed_no_send,2026-09-15T19:14:11Z
MEGA-0395,developer,The Zero Bang Tao,Thailand,Phuket,https://thezerophuket.com/,unknown,https://thezerophuket.com/,A, 준비ed_no_send,2026-09-15T19:14:11Z
MEGA-0396,developer,The Zero Nai Yang,Thailand,Phuket,https://thezerophuket.com/,unknown,https://thezerophuket.com/,A, 준비ed_no_send,2026-09-15T19:14:11Z
MEGA-0397,developer,Anantara Layan Residences,Thailand,Phuket,https://www.anantara.com/en/layan-phuket,unknown,https://www.anantara.com/en/layan-phuket/contact,A, 준비ed_no_send,2026-09-15T19:14:11Z
MEGA-0398,developer,Avadina Hills by Anantara,Thailand,Phuket,https://www.anantara.com/en/avadina-hills-phuket,unknown,https://www.anantara.com/en/avadina-hills-phuket/contact,A, 준비ed_no_send,2026-09-15T19:14:11Z
MEGA-0399,developer,The Standard Residences Phuket,Thailand,Phuket,https://www.standardhotels.com/phuket,unknown,https://www.standardhotels.com/phuket,A, 준비ed_no_send,2026-09-15T19:14:11Z
MEGA-0400,developer,The Naka Island Residences,Thailand,Phuket,https://www.marriott.com/en-us/hotels/hktni-the-naka-island-a-luxury-collection-resort-and-spa-phuket/,unknown,https://www.marriott.com/en-us/hotels/hktni-the-naka-island-a-luxury-collection-resort-and-spa-phuket/contact/,A, 준비ed_no_send,2026-09-15T19:14:11Z
MEGA-0401,developer,The Phuket Yacht Club Residences,Thailand,Phuket,https://www.thephuketyachtclub.com/,unknown,https://www.thephuketyachtclub.com/,A, 준비ed_no_send,2026-09-15T19:14:11Z
