agency_id,country,company,city,website,domain,segment,message_hypothesis,cta,status,source,checked_at,email_from_source,phone_from_source,opt_out,next_action,notes
agency-www-t-s-by,Беларусь,Твоя столица,Минск,https://www.t-s.by/,www.t-s.by,B,H2: добавить Пхукет в ассортимент без самостоятельного построения международной инфраструктуры,"Спросить, есть ли текущий запрос на Таиланд/зарубежную недвижимость; предложить каталог",queued,https://www.t-s.by/,2026-09-15,Unknown,Unknown,not_contacted,Проверить контактный канал и персонализировать первую строку; затем отправлять только после отдельного разрешения,"Контактные поля скопированы только из verified pilot row; международная специализация не подтверждена, если это указано в исходной строке."
agency-minsk-etagi-com,Беларусь,Этажи (Минск),Минск,https://minsk.etagi.com/,minsk.etagi.com,B,H2: добавить Пхукет в ассортимент без самостоятельного построения международной инфраструктуры,"Спросить, есть ли текущий запрос на Таиланд/зарубежную недвижимость; предложить каталог",queued,https://etagy.by/,2026-09-15,reklama@minsk.etagi.com,+375 (29) 643-37-32,not_contacted,Проверить контактный канал и персонализировать первую строку; затем отправлять только после отдельного разрешения,"Контактные поля скопированы только из verified pilot row; международная специализация не подтверждена, если это указано в исходной строке."
agency-m2-by,Беларусь,Квадратный метр,Минск,https://m2.by/ru,m2.by,B,H2: добавить Пхукет в ассортимент без самостоятельного построения международной инфраструктуры,"Спросить, есть ли текущий запрос на Таиланд/зарубежную недвижимость; предложить каталог",queued,https://m2.by/ru,2026-09-15,Unknown,+375 33 399-55-99,not_contacted,Проверить контактный канал и персонализировать первую строку; затем отправлять только после отдельного разрешения,"Контактные поля скопированы только из verified pilot row; международная специализация не подтверждена, если это указано в исходной строке."
agency-centr7a-by,Беларусь,Центр международной недвижимости Моя 7Я,Минск,https://centr7a.by/,centr7a.by,A,H1: расширение международного ассортимента под брендом агентства; клиент остаётся у агентства,Предложить 15-минутный созвон или прислать стартовый каталог Пхукета,queued,https://centr7a.by/,2026-09-15,reklama.intl@centr7a.by,+375 44 519-61-96,not_contacted,Проверить контактный канал и персонализировать первую строку; затем отправлять только после отдельного разрешения,"Контактные поля скопированы только из verified pilot row; международная специализация не подтверждена, если это указано в исходной строке."
agency-anpartner-by,Беларусь,Партнер для всех,Минск/Минская область,https://anpartner.by/,anpartner.by,C,H2: добавить Пхукет в ассортимент без самостоятельного построения международной инфраструктуры,"Спросить, есть ли текущий запрос на Таиланд/зарубежную недвижимость; предложить каталог",queued,https://anpartner.by/,2026-09-15,Unknown,Unknown,not_contacted,Проверить контактный канал и персонализировать первую строку; затем отправлять только после отдельного разрешения,"Контактные поля скопированы только из verified pilot row; международная специализация не подтверждена, если это указано в исходной строке."
agency-www-an7-by,Беларусь,7 этажей,Минск/Минская область,https://www.an7.by/,www.an7.by,B,H2: добавить Пхукет в ассортимент без самостоятельного построения международной инфраструктуры,"Спросить, есть ли текущий запрос на Таиланд/зарубежную недвижимость; предложить каталог",queued,https://www.an7.by/,2026-09-15,Unknown,Unknown,not_contacted,Проверить контактный канал и персонализировать первую строку; затем отправлять только после отдельного разрешения,"Контактные поля скопированы только из verified pilot row; международная специализация не подтверждена, если это указано в исходной строке."
agency-yghome-by,Беларусь,YG HOME,Минск,https://yghome.by/,yghome.by,B,H2: добавить Пхукет в ассортимент без самостоятельного построения международной инфраструктуры,"Спросить, есть ли текущий запрос на Таиланд/зарубежную недвижимость; предложить каталог",queued,https://yghome.by/,2026-09-15,info@yghome.by,+375 (29) 325-75-75,not_contacted,Проверить контактный канал и персонализировать первую строку; затем отправлять только после отдельного разрешения,"Контактные поля скопированы только из verified pilot row; международная специализация не подтверждена, если это указано в исходной строке."
agency-avangard-n-by,Беларусь,Авангард Недвижимость,Минск/пригород,https://avangard-n.by/,avangard-n.by,B,H2: добавить Пхукет в ассортимент без самостоятельного построения международной инфраструктуры,"Спросить, есть ли текущий запрос на Таиланд/зарубежную недвижимость; предложить каталог",queued,https://avangard-n.by/agency/about-us/,2026-09-15,Unknown,Unknown,not_contacted,Проверить контактный канал и персонализировать первую строку; затем отправлять только после отдельного разрешения,"Контактные поля скопированы только из verified pilot row; международная специализация не подтверждена, если это указано в исходной строке."
agency-garantiruem-by,Беларусь,Гарант Недвижимость,Минск,https://garantiruem.by/,garantiruem.by,B,H2: добавить Пхукет в ассортимент без самостоятельного построения международной инфраструктуры,"Спросить, есть ли текущий запрос на Таиланд/зарубежную недвижимость; предложить каталог",queued,https://garantiruem.by/,2026-09-15,Unknown,Unknown,not_contacted,Проверить контактный канал и персонализировать первую строку; затем отправлять только после отдельного разрешения,"Контактные поля скопированы только из verified pilot row; международная специализация не подтверждена, если это указано в исходной строке."
agency-tmaentak-by,Беларусь,Твой Маёнтак,Минск/Минская область,https://tmaentak.by/,tmaentak.by,C,H2: добавить Пхукет в ассортимент без самостоятельного построения международной инфраструктуры,"Спросить, есть ли текущий запрос на Таиланд/зарубежную недвижимость; предложить каталог",queued,https://tmaentak.by/,2026-09-15,Unknown,Unknown,not_contacted,Проверить контактный канал и персонализировать первую строку; затем отправлять только после отдельного разрешения,"Контактные поля скопированы только из verified pilot row; международная специализация не подтверждена, если это указано в исходной строке."
agency-molnar-by,Беларусь,Мольнар,Минск/Беларусь,https://molnar.by/,molnar.by,C,H2: добавить Пхукет в ассортимент без самостоятельного построения международной инфраструктуры,"Спросить, есть ли текущий запрос на Таиланд/зарубежную недвижимость; предложить каталог",queued,https://molnar.by/,2026-09-15,Unknown,Unknown,not_contacted,Проверить контактный канал и персонализировать первую строку; затем отправлять только после отдельного разрешения,"Контактные поля скопированы только из verified pilot row; международная специализация не подтверждена, если это указано в исходной строке."
agency-marielt-by,Беларусь,Агентство недвижимости Мариэлт,Минск,https://marielt.by/,marielt.by,C,H2: добавить Пхукет в ассортимент без самостоятельного построения международной инфраструктуры,"Спросить, есть ли текущий запрос на Таиланд/зарубежную недвижимость; предложить каталог",queued,https://marielt.by/,2026-09-15,Unknown,Unknown,not_contacted,Проверить контактный канал и персонализировать первую строку; затем отправлять только после отдельного разрешения,"Контактные поля скопированы только из verified pilot row; международная специализация не подтверждена, если это указано в исходной строке."
agency-fattoria-by,Беларусь,АН Фаттория,Минск,https://fattoria.by/,fattoria.by,C,H2: добавить Пхукет в ассортимент без самостоятельного построения международной инфраструктуры,"Спросить, есть ли текущий запрос на Таиланд/зарубежную недвижимость; предложить каталог",queued,https://fattoria.by/,2026-09-15,Unknown,Unknown,not_contacted,Проверить контактный канал и персонализировать первую строку; затем отправлять только после отдельного разрешения,"Контактные поля скопированы только из verified pilot row; международная специализация не подтверждена, если это указано в исходной строке."
agency-www-asrealt-by,Беларусь,AS Недвижимость,Минск,https://www.asrealt.by/,www.asrealt.by,C,H2: добавить Пхукет в ассортимент без самостоятельного построения международной инфраструктуры,"Спросить, есть ли текущий запрос на Таиланд/зарубежную недвижимость; предложить каталог",queued,https://www.asrealt.by/,2026-09-15,Unknown,Unknown,not_contacted,Проверить контактный канал и персонализировать первую строку; затем отправлять только после отдельного разрешения,"Контактные поля скопированы только из verified pilot row; международная специализация не подтверждена, если это указано в исходной строке."
agency-alkor-realty-by,Беларусь,Алькор Эстейт,Минск,https://alkor-realty.by/,alkor-realty.by,C,H2: добавить Пхукет в ассортимент без самостоятельного построения международной инфраструктуры,"Спросить, есть ли текущий запрос на Таиланд/зарубежную недвижимость; предложить каталог",queued,https://alkor-realty.by/,2026-09-15,Unknown,Unknown,not_contacted,Проверить контактный канал и персонализировать первую строку; затем отправлять только после отдельного разрешения,"Контактные поля скопированы только из verified pilot row; международная специализация не подтверждена, если это указано в исходной строке."
agency-wtgroup-international,Казахстан,WT Group,Алматы/Астана,https://wtgroup.international/,wtgroup.international,A,H1: расширение международного ассортимента под брендом агентства; клиент остаётся у агентства,Предложить 15-минутный созвон или прислать стартовый каталог Пхукета,queued,https://wtgroup.international/about,2026-09-15,Unknown,Unknown,not_contacted,Проверить контактный канал и персонализировать первую строку; затем отправлять только после отдельного разрешения,"Контактные поля скопированы только из verified pilot row; международная специализация не подтверждена, если это указано в исходной строке."
agency-gec-kz,Казахстан,Grand Estate Company,Алматы,https://gec.kz/,gec.kz,B,H2: добавить Пхукет в ассортимент без самостоятельного построения международной инфраструктуры,"Спросить, есть ли текущий запрос на Таиланд/зарубежную недвижимость; предложить каталог",queued,https://gec.kz/o-nas/,2026-09-15,Unknown,Unknown,not_contacted,Проверить контактный канал и персонализировать первую строку; затем отправлять только после отдельного разрешения,"Контактные поля скопированы только из verified pilot row; международная специализация не подтверждена, если это указано в исходной строке."
agency-rialight-kz,Казахстан,Ria Light,Алматы,https://rialight.kz/,rialight.kz,A,H1: расширение международного ассортимента под брендом агентства; клиент остаётся у агентства,Предложить 15-минутный созвон или прислать стартовый каталог Пхукета,queued,https://rialight.kz/about/,2026-09-15,info@rialight.kz,+7 (707) 044-09-49,not_contacted,Проверить контактный канал и персонализировать первую строку; затем отправлять только после отдельного разрешения,"Контактные поля скопированы только из verified pilot row; международная специализация не подтверждена, если это указано в исходной строке."
agency-hayatestate-com,Казахстан,Hayat Estate Kazakhstan,Алматы,https://hayatestate.com/my-v-almaty,hayatestate.com,A,H1: расширение международного ассортимента под брендом агентства; клиент остаётся у агентства,Предложить 15-минутный созвон или прислать стартовый каталог Пхукета,queued,https://hayatestate.com/my-v-almaty,2026-09-15,Unknown,+7 747 362-87-37,not_contacted,Проверить контактный канал и персонализировать первую строку; затем отправлять только после отдельного разрешения,"Контактные поля скопированы только из verified pilot row; международная специализация не подтверждена, если это указано в исходной строке."
agency-almaty-etagi-com,Казахстан,Этажи (Алматы),Алматы,https://almaty.etagi.com/,almaty.etagi.com,B,H2: добавить Пхукет в ассортимент без самостоятельного построения международной инфраструктуры,"Спросить, есть ли текущий запрос на Таиланд/зарубежную недвижимость; предложить каталог",queued,https://almaty.etagi.com/,2026-09-15,Unknown,Unknown,not_contacted,Проверить контактный канал и персонализировать первую строку; затем отправлять только после отдельного разрешения,"Контактные поля скопированы только из verified pilot row; международная специализация не подтверждена, если это указано в исходной строке."
agency-www-real-estate-am,Армения,Kentron,Ереван,https://www.real-estate.am/ru,www.real-estate.am,B,H2: добавить Пхукет в ассортимент без самостоятельного построения международной инфраструктуры,"Спросить, есть ли текущий запрос на Таиланд/зарубежную недвижимость; предложить каталог",queued,https://www.real-estate.am/ru,2026-09-15,kentron@real-estate.am,+374 55 404090,not_contacted,Проверить контактный канал и персонализировать первую строку; затем отправлять только после отдельного разрешения,"Контактные поля скопированы только из verified pilot row; международная специализация не подтверждена, если это указано в исходной строке."
agency-besthouse-am,Армения,Best House,Ереван,https://besthouse.am/,besthouse.am,B,H2: добавить Пхукет в ассортимент без самостоятельного построения международной инфраструктуры,"Спросить, есть ли текущий запрос на Таиланд/зарубежную недвижимость; предложить каталог",queued,https://besthouse.am/,2026-09-15,info@besthouse.am,+374 91 90-30-94,not_contacted,Проверить контактный канал и персонализировать первую строку; затем отправлять только после отдельного разрешения,"Контактные поля скопированы только из verified pilot row; международная специализация не подтверждена, если это указано в исходной строке."
