rank,company,city,website,public_contact,priority_tier,contact_status,source_url,checked_at,why_relevant,next_action
51,Бюро недвижимости №1,Екатеринбург,https://bn1.ru/,,B,source_verified_contact_pending,https://bn1.ru/,2026-09-15,"Regional agency in a major million-plus city","Find owner/commercial contact and investment/new-build signal"
52,Дом Недвижимости,Екатеринбург,https://www.domnedv.ru/,,A,source_verified_contact_pending,https://www.domnedv.ru/,2026-09-15,"Established regional agency with broad residential activity","Verify current commercial/owner contact and overseas-property interest"
53,БК_Недвижимость,Екатеринбург,https://bk-n.ru/,,B,source_verified_contact_pending,https://bk-n.ru/,2026-09-15,"Independent regional brokerage candidate","Find decision maker and new-build/investment profile"
54,Города,Новосибирск,https://goroda.pro/,,A,source_verified_contact_pending,https://goroda.pro/,2026-09-15,"Strong regional market and existing client base","Find owner/partnership contact"
55,Агентство недвижимости «Большой город»,Новосибирск,https://bigcity-nsk.ru/,,B,source_verified_contact_pending,https://bigcity-nsk.ru/,2026-09-15,"Independent regional agency in large Siberian market","Find commercial decision maker and overseas-property signal"
56,Мегаполис,Самара,https://megapolis-samara.ru/,,B,source_verified_contact_pending,https://megapolis-samara.ru/,2026-09-15,"Regional agency suitable for international-direction proposition","Find owner/commercial contact"
57,Квартирный вопрос,Самара,https://kvartirny-vopros.ru/,,B,source_verified_contact_pending,https://kvartirny-vopros.ru/,2026-09-15,"Independent Samara agency with local client base","Find direct decision maker"
58,Новый Ростов,Ростов-на-Дону,https://newrostov.ru/,,A,source_verified_contact_pending,https://newrostov.ru/,2026-09-15,"South Russia market with relevant investment audience","Find partnership/commercial owner"
59,Атлас мира недвижимости,Ростов-на-Дону,https://atlas-rnd.ru/,,A,source_verified_contact_pending,https://atlas-rnd.ru/,2026-09-15,"Regional agency in major southern city","Find owner/commercial contact and international direction interest"
60,Красава,Краснодар,https://krasava-realty.ru/,,B,source_verified_contact_pending,https://krasava-realty.ru/,2026-09-15,"Krasnodar resort/investment audience fit","Find decision maker and new-build profile"
61,Аском,Владивосток,https://askom.io/,,A,source_verified_contact_pending,https://askom.io/,2026-09-15,"Far East market is strategically relevant to Asian property demand","Find owner/partnership contact and overseas-property activity"
62,Квартирант Плюс,Владивосток,https://kvartirant.plus/,,A,source_verified_contact_pending,https://kvartirant.plus/,2026-09-15,"Far East regional audience with geographic proximity to Asian markets","Find commercial decision maker"
63,Вершина,Владивосток,https://vershina-dv.ru/,,B,source_verified_contact_pending,https://vershina-dv.ru/,2026-09-15,"Independent Far East agency candidate","Verify owner contact and investment/new-build activity"
64,АРЕВЕРА-Недвижимость,Красноярск,https://arevera.ru/,,A,source_verified_contact_pending,https://arevera.ru/,2026-09-15,"Established agency in large Siberian city","Find owner/commercial contact and overseas interest"
65,ГРАНТА-недвижимость,Красноярск,https://www.granta24.ru/,,B,source_verified_contact_pending,https://www.granta24.ru/,2026-09-15,"Regional agency with relevant client base","Find partnership decision maker"
66,Центр недвижимости Ракурс,Пермь,https://an-rakurs.ru/,,B,source_verified_contact_pending,https://an-rakurs.ru/,2026-09-15,"Regional diversification candidate","Find owner/commercial contact"
67,Новые Дома,Пермь,https://noviedoma24.ru/,,A,source_verified_contact_pending,https://noviedoma24.ru/,2026-09-15,"New-build positioning aligns with MIRA target segment","Find partnership contact and investment audience signal"
68,АН GOOD,Пермь,https://an-good.ru/,,B,source_verified_contact_pending,https://an-good.ru/,2026-09-15,"Independent agency in major regional market","Find decision maker and sales specialization"
69,ЛЕДОН,Омск,https://ledon.ru/,,A,source_verified_contact_pending,https://ledon.ru/,2026-09-15,"Established Omsk agency and launch-region fit","Find owner/commercial contact"
70,АВЕСТА,Омск,https://avestaomsk.ru/,,A,source_verified_contact_pending,https://avestaomsk.ru/,2026-09-15,"Regional agency with broad residential market presence","Find partnership owner"
71,Квартсервис,Омск,https://kvartservice.ru/,,B,source_verified_contact_pending,https://kvartservice.ru/,2026-09-15,"Independent regional agency candidate","Verify decision maker and activity"
72,Доверие,Омск,https://www.doverie-omsk.ru/,,B,source_verified_contact_pending,https://www.doverie-omsk.ru/,2026-09-15,"Additional Omsk agency for regional pilot depth","Find owner/commercial contact"
73,СТАН,Уфа,https://stan-ufa.ru/,,A,source_verified_contact_pending,https://stan-ufa.ru/,2026-09-15,"Regional agency in major city and suitable overseas-extension prospect","Find partnership decision maker"
74,Адресат,Волгоград,https://adresat.pro/,,A,source_verified_contact_pending,https://adresat.pro/,2026-09-15,"Volgograd is a priority example market for regional-agency proposition","Find owner/commercial contact and client-base signal"
75,Живем дома,Волгоград,https://jivem-doma.ru/,,A,source_verified_contact_pending,https://jivem-doma.ru/,2026-09-15,"Strong regional candidate for testing MIRA outside capitals","Find owner/partnership contact"
76,Новый адрес,Воронеж,https://www.nov-adres.ru/,,A,source_verified_contact_pending,https://www.nov-adres.ru/,2026-09-15,"Regional agency in million-plus market","Find commercial owner and new-build activity"
77,Крайнов,Воронеж,https://krainov-vrn.ru/,,B,source_verified_contact_pending,https://krainov-vrn.ru/,2026-09-15,"Independent regional brokerage candidate","Find owner/contact and specialization"
78,РСС,Воронеж,https://rss-rielt.ru/,,B,source_verified_contact_pending,https://rss-rielt.ru/,2026-09-15,"Additional Voronezh agency for diversified launch cohort","Find direct commercial contact"
79,Орбита 72,Тюмень,https://orbita72.com/,,A,source_verified_contact_pending,https://orbita72.com/,2026-09-15,"Affluent Tyumen market may fit investment/overseas proposition","Find owner/partnership contact"
80,Центр недвижимости,Тюмень,https://newflat72.ru/,,A,source_verified_contact_pending,https://newflat72.ru/,2026-09-15,"New-build signal in affluent regional market","Find commercial decision maker"
81,Новый Город,Тюмень,https://newgorod.ru/,,A,source_verified_contact_pending,https://newgorod.ru/,2026-09-15,"Established regional agency and investment-client potential","Find owner/partnership contact"
82,ВБН,Воронеж,https://vbnvrn.ru/,,B,source_verified_contact_pending,https://vbnvrn.ru/,2026-09-15,"Independent agency candidate in large regional market","Verify activity and decision maker"
83,Поместье,Иркутск,https://www.pomestye.com/,,A,source_verified_contact_pending,https://www.pomestye.com/,2026-09-15,"Eastern Russia market strategically relevant to Asia-bound buyers","Find owner/commercial contact and premium/investment signal"
84,4 КОМНАТЫ,Воронеж,https://an4k.ru/,,B,source_verified_contact_pending,https://an4k.ru/,2026-09-15,"Independent regional agency candidate","Find owner/contact and new-build activity"
85,Цитадель-А,Саратов,https://citadel-a.ru/,,B,source_verified_contact_pending,https://citadel-a.ru/,2026-09-15,"Regional agency expands geographic coverage of launch cohort","Find commercial decision maker"
86,Квадрат,Оренбург,https://novostrojki-orenburga.ru/,,A,source_verified_contact_pending,https://novostrojki-orenburga.ru/,2026-09-15,"New-build positioning is directly relevant to MIRA proposition","Find owner/partnership contact"
87,1-я Гильдия недвижимости,Оренбург,https://1gbn.ru/,,A,source_verified_contact_pending,https://1gbn.ru/,2026-09-15,"Established regional agency brand","Find owner/commercial contact"
88,Руснедвижимость,Киров,https://rusned.ru/,,B,source_verified_contact_pending,https://rusned.ru/,2026-09-15,"Regional independent agency for non-capital pilot","Find decision maker and activity signal"
89,Хлынов Град,Киров,https://hlgrad43.ru/,,B,source_verified_contact_pending,https://hlgrad43.ru/,2026-09-15,"Local agency adds depth to regional cohort","Find owner/commercial contact"
90,Регистрационное бюро,Киров,https://regburokirov.ru/,,B,source_verified_contact_pending,https://regburokirov.ru/,2026-09-15,"Regional agency candidate","Verify real-estate sales activity and decision maker"
91,Бизнес и право,Киров,https://business-pravo.ru/,,B,source_verified_contact_pending,https://business-pravo.ru/,2026-09-15,"Potential agency/legal-advisory hybrid; needs qualification","Confirm real-estate brokerage activity before prioritization"
92,Люди PRO Киров,Киров,https://lyudipro.ru/,,A,source_verified_contact_pending,https://lyudipro.ru/,2026-09-15,"Recognizable real-estate network signal with regional presence","Resolve central/network relationship and find local decision maker"
93,Глобус Недвижимость,Киров,https://globus43.ru/,,B,source_verified_contact_pending,https://globus43.ru/,2026-09-15,"Independent regional agency prospect","Find owner/commercial contact"
94,АН Бонус,Киров,https://bonus43.ru/,,B,source_verified_contact_pending,https://bonus43.ru/,2026-09-15,"Additional regional agency prospect","Verify activity and decision maker"
95,Центр Плюс,Киров,https://centerplus43.ru/,,B,source_verified_contact_pending,https://centerplus43.ru/,2026-09-15,"Regional agency candidate","Find owner/commercial contact"
96,Огни Самары,Самара,https://ogni-samara.ru/,,A,source_verified_contact_pending,https://ogni-samara.ru/,2026-09-15,"Established Samara candidate for launch cohort","Find partnership owner"
97,АФИНА-ЦЕНТР,Самара,https://afina-center.ru/,,B,source_verified_contact_pending,https://afina-center.ru/,2026-09-15,"Independent regional agency candidate","Verify decision maker and sales focus"
98,ДОМ НА ЛАДОНИ,Самара,https://domnaladoni.ru/,,B,source_verified_contact_pending,https://domnaladoni.ru/,2026-09-15,"Regional agency candidate with consumer-facing brand","Find owner/commercial contact"
99,Амрита,Самара,https://amrita63.ru/,,B,source_verified_contact_pending,https://amrita63.ru/,2026-09-15,"Additional Samara regional prospect","Verify activity and decision maker"
100,Пять Звезд,Самара,https://an5zvezd.ru/,,B,source_verified_contact_pending,https://an5zvezd.ru/,2026-09-15,"Independent regional agency candidate","Find owner/commercial contact"
