company,city,website,route_type,named_contact_or_role,email,phone,foreign_property_signal,partnership_signal,source_url,checked_at,status,next_action
Диал,Екатеринбург,https://dial93.ru/,named_foreign_property_director,"Суворова Надежда Игоревна — директор по развитию, зарубежная недвижимость",dial_pro@mail.ru,+7 922 153-14-50,"Official site has a dedicated foreign-property direction; states work through selected partners in 72 countries.","Named director-level route plus direct WhatsApp/phone/email; existing international model makes this both a potential partner and a direct regional benchmark.",https://dial93.ru/suvorova-nadezhda-igorevna/,2026-09-16,named_foreign_property_role_verified,"Move to strategic-segment review: compare MIRA with their current partner model before any outreach."
Дон-МТ-Недвижимость,Ростов-на-Дону,https://donmt.ru/,central_partnership_newbuild_route,"general central/company route; dedicated partnership owner not identified",feedback@donmt.ru,8 800 222-17-50,unknown,"Official company site states 11 offices, new-build specialization and contractual cooperation with developers; dedicated Partners page lists developer/bank partners.",https://donmt.ru/o-kompanii,2026-09-16,strong_b2b_general_route,"Find owner/commercial/new-build partnership decision maker; qualify appetite for an overseas vertical."
Самолет Плюс,Москва / федеральная сеть,https://samoletplus.ru/,formal_partner_franchise_network,"franchise/partner intake",unknown,+7 903 356-72-54,unknown,"Official business page is explicitly built around a partner/franchise network and current site publishes partner infrastructure; this is not yet an overseas-property partnership route.",https://samoletplus.ru/business/,2026-09-16,network_level_partner_route_verified,"Treat as strategic HQ account, not branch outreach. Identify business-development/product owner for external supply partnerships."
БЕСТ-Недвижимость,Москва,https://www.best-realty.ru/,central_and_office_contact,"general company/office routes",unknown,+7 495 725-04-22,unknown,"Official contact page confirms active Moscow office network; no dedicated MIRA-relevant partnership owner found in current pass.",https://ias.best-realty.ru/contacts/,2026-09-16,public_contact_verified,"Find central commercial/new-build/partnership owner before owner-review promotion."
Титул,Ростов-на-Дону,https://realtitul.ru/,named_sales_leadership,"Елена Селина — руководитель отдела продаж; Евгений Геннадьевич Сосницкий — руководитель named in current client review",lenysya197045@gmail.com,"+7 928 601-16-73; +7 863 290-78-78",unknown,"Official site exposes a named head of sales with direct contact and operates a dedicated new-build sales center.",https://realtitul.ru/agents/1648.html,2026-09-16,named_sales_role_verified,"Qualify whether head of sales owns new supply decisions; prepare regional-agency MIRA fit review."
ГиперДОМ,Казань,https://www.giperdom.net/,general_company_contact,"general company contact",agentstvo@giperdom.net,"+7 843 203-20-77; +7 843 203-30-77",unknown,"Official site promotes new-build apartments from developer partners and publishes central email/phone; named decision maker not found in current pass.",https://www.giperdom.net/,2026-09-16,strong_newbuild_general_route,"Find owner/commercial director; qualify overseas-property demand."
CentRoom,Казань,https://centroom.ru/,general_sales_contact,"general sales route; head-of-sales role visible but unnamed in checked page",sale@centroom.ru,+7 843 240-02-02,unknown,"Official site publishes sales contact and recruitment for head of sales; no dedicated partnership owner evidenced in checked source.",https://centroom.ru/,2026-09-16,public_contact_verified,"Find current owner/commercial head and new-build/investment specialization before promotion."
РиэлтКонсалт,Омск,https://rieltconsult.ru/,general_company_contact,"general company route",info@rieltconsult.ru,+7 3812 63-63-63,unknown,"Official site confirms active company, legal entity and new-build section; a partner page exists but named partnership owner is not clear from checked source.",https://rieltconsult.ru/kontakty,2026-09-16,public_contact_verified,"Find CEO/commercial/new-build decision maker; validate partner page contact role."
На ЮГ,Краснодар,https://www.nayug24.ru/,general_company_contact,"general company route",krd@nayug24.ru,+7 929 849-88-28,unknown,"Official site confirms active Krasnodar agency and public direct contact; dedicated partnership/overseas route not evidenced in checked source.",https://www.nayug24.ru/,2026-09-16,public_contact_verified,"Find owner/commercial/new-build decision maker; qualify resort/investment audience and overseas appetite."
