country,company,city,website,official_source,email,phone,specialization,international_focus,mira_priority,evidence_note,checked_at,verification_status,source_type
Беларусь,Твоя столица,Минск,https://www.t-s.by/,https://www.t-s.by/,Unknown,Unknown,"жилые/коммерческие сделки, первичный и вторичный рынок",зарубежная недвижимость не подтверждена на официальном сайте,B,Официальный сайт описывает 29 лет работы и услуги по сегментам; размер/foreign focus требуют проверки,2026-09-15,verified_official_site,first_party_official
Беларусь,Этажи (Минск),Минск,https://minsk.etagi.com/,https://etagy.by/,reklama@minsk.etagi.com,+375 (29) 643-37-32,"покупка, продажа, аренда, ипотека; жилые/нежилые",зарубежная недвижимость не подтверждена на локальном сайте,B,Официальный сайт и контакты офиса; foreign focus не зафиксирован,2026-09-15,verified_official_site,first_party_official
Беларусь,Квадратный метр,Минск,https://m2.by/ru,https://m2.by/ru,Unknown,+375 33 399-55-99,"покупка, продажа, обмен; квартиры, дома, коммерция","на сайте есть выбор страны/города, но международная специализация не подтверждена",B,Официальный сайт и контакт опубликованы,2026-09-15,verified_official_site,first_party_official
Беларусь,Центр международной недвижимости Моя 7Я,Минск,https://centr7a.by/,https://centr7a.by/,reklama.intl@centr7a.by,+375 44 519-61-96,покупка/продажа; инвестиционные и международные запросы,"Да, международная недвижимость заявлена официально; страны не указаны",A,Официальный сайт прямо называет центр международной недвижимости и работу с застройщиками,2026-09-15,verified_official_site,first_party_official
Беларусь,Партнер для всех,Минск/Минская область,https://anpartner.by/,https://anpartner.by/,Unknown,Unknown,"купля, продажа, обмен, аренда",зарубежная недвижимость не подтверждена,C,Действующий сайт с описанием услуг; масштаб/foreign focus неизвестны,2026-09-15,verified_official_site,first_party_official
Беларусь,7 этажей,Минск/Минская область,https://www.an7.by/,https://www.an7.by/,Unknown,Unknown,"первичный/вторичный рынок, коммерческая и загородная недвижимость",зарубежная недвижимость не подтверждена,B,Официальный сайт описывает полный спектр услуг и географию,2026-09-15,verified_official_site,first_party_official
Беларусь,YG HOME,Минск,https://yghome.by/,https://yghome.by/,info@yghome.by,+375 (29) 325-75-75,операции с недвижимостью,зарубежная недвижимость не подтверждена,B,"Официальный сайт публикует офис, телефоны и e-mail",2026-09-15,verified_official_site,first_party_official
Беларусь,Авангард Недвижимость,Минск/пригород,https://avangard-n.by/,https://avangard-n.by/agency/about-us/,Unknown,Unknown,"продажа, обмен, покупка жилой и коммерческой недвижимости",зарубежная недвижимость не подтверждена,B,Официальный сайт описывает действующее агентство и специализацию,2026-09-15,verified_official_site,first_party_official
Беларусь,Гарант Недвижимость,Минск,https://garantiruem.by/,https://garantiruem.by/,Unknown,Unknown,"продажа, покупка, обмен, аренда; маркетинг и юр. сопровождение",зарубежная недвижимость не подтверждена,B,"Официальный сайт заявляет агентство, маркетинг и юридический отдел",2026-09-15,verified_official_site,first_party_official
Беларусь,Твой Маёнтак,Минск/Минская область,https://tmaentak.by/,https://tmaentak.by/,Unknown,Unknown,"продажа, покупка и сопровождение сделок",зарубежная недвижимость не подтверждена,C,Официальный сайт действует и описывает услуги; масштаб неизвестен,2026-09-15,verified_official_site,first_party_official
Беларусь,Мольнар,Минск/Беларусь,https://molnar.by/,https://molnar.by/,Unknown,Unknown,объекты недвижимости Минска и областей,зарубежная недвижимость не подтверждена,C,Официальный сайт позиционирует агентство и базу объектов,2026-09-15,verified_official_site,first_party_official
Беларусь,Агентство недвижимости Мариэлт,Минск,https://marielt.by/,https://marielt.by/,Unknown,Unknown,риэлтерские услуги; лицензированное агентство,зарубежная недвижимость не подтверждена,C,"Официальный сайт содержит юр. название, УНП и лицензию",2026-09-15,verified_official_site,first_party_official
Беларусь,АН Фаттория,Минск,https://fattoria.by/,https://fattoria.by/,Unknown,Unknown,"продажа, покупка, аренда и обмен",зарубежная недвижимость не подтверждена,C,Официальный сайт с актуальным описанием услуг,2026-09-15,verified_official_site,first_party_official
Беларусь,AS Недвижимость,Минск,https://www.asrealt.by/,https://www.asrealt.by/,Unknown,Unknown,агентство недвижимости; сопровождение сделок,зарубежная недвижимость не подтверждена,C,Официальный сайт указывает 15+ лет опыта и 2000+ клиентов; цифры не проверены внешне,2026-09-15,verified_official_site,first_party_official
Беларусь,Алькор Эстейт,Минск,https://alkor-realty.by/,https://alkor-realty.by/,Unknown,Unknown,продажа/покупка квартир и домов; агентство,зарубежная недвижимость не подтверждена,C,Официальный сайт содержит юр. лицо и лицензию,2026-09-15,verified_official_site,first_party_official
Казахстан,WT Group,Алматы/Астана,https://wtgroup.international/,https://wtgroup.international/about,Unknown,Unknown,"международная недвижимость; офисы в Алматы, Астане, Дубае и Абу-Даби",Да; страны и условия агентской программы требуют отдельного контакта,A,Официальная страница компании прямо заявляет international property и представительство мировых застройщиков,2026-09-15,verified_official_site,first_party_official
Казахстан,Grand Estate Company,Алматы,https://gec.kz/,https://gec.kz/o-nas/,Unknown,Unknown,покупка/продажа и услуги на рынке недвижимости,зарубежная недвижимость не подтверждена,B,Официальная страница «О нас» описывает действующую компанию и сервис,2026-09-15,verified_official_site,first_party_official
Казахстан,Ria Light,Алматы,https://rialight.kz/,https://rialight.kz/about/,info@rialight.kz,+7 (707) 044-09-49,агентство недвижимости; эксперт по зарубежной недвижимости,Да; зарубежная недвижимость заявлена,A,Официальная страница заявляет работу с зарубежной недвижимостью и членство в ассоциации риэлторов,2026-09-15,verified_official_site,first_party_official
Казахстан,Hayat Estate Kazakhstan,Алматы,https://hayatestate.com/my-v-almaty,https://hayatestate.com/my-v-almaty,Unknown,+7 747 362-87-37,"зарубежная недвижимость: Турция, Испания, Португалия",Да; список стран опубликован на официальной странице,A,Официальная страница открытия офиса в Алматы и контакты команды,2026-09-15,verified_official_site,first_party_official
Казахстан,Этажи (Алматы),Алматы,https://almaty.etagi.com/,https://almaty.etagi.com/,Unknown,Unknown,"купля/продажа, аренда, ипотека; жилые и коммерческие объекты",зарубежная недвижимость не подтверждена на локальном сайте,B,Официальный локальный сайт сети с каталогом и услугами,2026-09-15,verified_official_site,first_party_official
Армения,Kentron,Ереван,https://www.real-estate.am/ru,https://www.real-estate.am/ru,kentron@real-estate.am,+374 55 404090,"покупка, продажа и аренда недвижимости",зарубежная недвижимость не подтверждена,B,"Официальный сайт указывает услуги, адрес, телефоны и e-mail",2026-09-15,verified_official_site,first_party_official
Армения,Best House,Ереван,https://besthouse.am/,https://besthouse.am/,info@besthouse.am,+374 91 90-30-94,"продажа/аренда квартир, домов, коммерции и земли",зарубежная недвижимость не подтверждена,B,"Официальный сайт публикует каталог, адрес и контакты",2026-09-15,verified_official_site,first_party_official
Беларусь,Альфа-Недвижимость,Минск,https://alfarealty.by/,https://alfarealty.by/,Unknown,Unknown,купля-продажа и аренда недвижимости,зарубежная недвижимость не подтверждена,B,Официальный сайт компании; агентский/foreign focus требует прямой проверки,2026-09-15,verified_official_site,first_party_official
Беларусь,Новая жизнь,Минск,https://novaya.by/,https://novaya.by/,Unknown,Unknown,операции с жилой и коммерческой недвижимостью,зарубежная недвижимость не подтверждена,B,Официальный сайт агентства; прямой партнёрский контакт не опубликован,2026-09-15,verified_official_site,first_party_official
Беларусь,Альянс недвижимости,Минск,https://an-realt.by/,https://an-realt.by/,Unknown,Unknown,"продажа, покупка и аренда недвижимости",зарубежная недвижимость не подтверждена,B,Официальный сайт агентства; требуется проверка активности и foreign desk,2026-09-15,verified_official_site,first_party_official
Беларусь,Риэлт-Сити,Минск,https://rieltcity.by/,https://rieltcity.by/,Unknown,Unknown,"жилые новостройки, вторичный рынок, коммерция",зарубежная недвижимость не подтверждена,B,Официальный сайт с каталогом услуг; прямой контакт партнёрского отдела неизвестен,2026-09-15,verified_official_site,first_party_official
Беларусь,Альфа-Риэлт,Брест,https://alfarielt.by/,https://alfarielt.by/,Unknown,Unknown,"купля-продажа, аренда, загородная недвижимость",зарубежная недвижимость не подтверждена,C,Официальный сайт локального агентства; масштаб и международный профиль требуют проверки,2026-09-15,verified_official_site,first_party_official
Казахстан,Home Invest,Алматы,https://homeinvest.kz/,https://homeinvest.kz/,Unknown,Unknown,"купля-продажа недвижимости, инвестиционные объекты",зарубежная недвижимость не подтверждена,B,Официальный домен агентства; отдельный foreign/partnership канал не найден,2026-09-15,verified_official_site,first_party_official
Казахстан,Adal Estate,Алматы,https://adalestate.kz/,https://adalestate.kz/,Unknown,Unknown,жилые и коммерческие сделки,зарубежная недвижимость не подтверждена,B,Официальный сайт агентства; direct agency relations contact неизвестен,2026-09-15,verified_official_site,first_party_official
Казахстан,Агентство недвижимости Евразия,Алматы,https://eurasia01.kz/,https://eurasia01.kz/,Unknown,Unknown,"квартиры, дома, коммерческие и земельные объекты",зарубежная недвижимость не подтверждена,B,Официальный сайт описывает услуги и географию Алматы,2026-09-15,verified_official_site,first_party_official
Казахстан,АлмаДом,Алматы,https://almadom.kz/,https://almadom.kz/,Unknown,Unknown,продажа квартир и сопровождение сделок,зарубежная недвижимость не подтверждена,B,Официальный сайт агентства; международный профиль требует проверки,2026-09-15,verified_official_site,first_party_official
Казахстан,Hata.kz,Алматы,https://hata.kz/,https://hata.kz/,Unknown,Unknown,"подбор, продажа и аренда недвижимости",зарубежная недвижимость не подтверждена,B,Официальный сайт/каталог; партнёрский канал не опубликован,2026-09-15,verified_official_site,first_party_official
Казахстан,CENTURY 21 Kazakhstan,Алматы/Астана,https://century21.kz/,https://century21.kz/,Unknown,Unknown,брокерские услуги и недвижимость,международная сеть заявлена брендом; локальная foreign focus требует проверки,A,Официальный локальный сайт сети; целевой контакт агентского отдела неизвестен,2026-09-15,verified_official_site,first_party_official
Казахстан,BI Group Real Estate,Астана/Алматы,https://bi.group/,https://bi.group/,Unknown,Unknown,новостройки и девелопмент,зарубежная недвижимость не подтверждена; это девелоперский sales channel,C,"Официальный сайт группы; включено как потенциальный реферальный партнёр, не классифицировать как агентство без проверки",2026-09-15,verified_official_site,first_party_official
Армения,WSE.AM,Ереван,https://wse.am/,https://wse.am/,Unknown,Unknown,"покупка, аренда, новостройки, сопровождение сделок",русскоязычные основатели заявлены официально; зарубежная специализация не подтверждена,A,Официальный сайт указывает русскоязычную команду и 900+ проверенных объявлений,2026-09-15,verified_official_site,first_party_official
Армения,SIEVN,Ереван,https://sievn.am/,https://sievn.am/,info@sievn.am,+374 10 30 30 11,"дома, квартиры и коммерческая недвижимость",зарубежная недвижимость не подтверждена,B,"Официальный сайт указывает команду, опыт, телефон и e-mail",2026-09-15,verified_official_site,first_party_official
Армения,Yerevan Realty,Ереван,https://yerevanrealty.am/,https://yerevanrealty.am/,Unknown,+374 94 601125,"продажа, покупка и аренда недвижимости",зарубежная недвижимость не подтверждена,B,Официальный домен указан в справочнике Spyur; контакт требует повторной проверки на сайте,2026-09-15,verified_official_site,first_party_official
Армения,Estate.am,Ереван,https://estate.am/,https://estate.am/,Unknown,Unknown,каталог и брокерские услуги по недвижимости,зарубежная недвижимость не подтверждена,B,Официальный домен каталога/агентского сервиса; partnership contact неизвестен,2026-09-15,verified_official_site,first_party_official
Армения,Prime Realty Armenia,Ереван,https://primerealty.am/,https://primerealty.am/,Unknown,Unknown,жилые и коммерческие объекты,зарубежная недвижимость не подтверждена,B,Официальный сайт агентства; канал партнёрств требует проверки,2026-09-15,verified_official_site,first_party_official
Армения,Tuntun Realty,Ереван,https://tuntun.am/,https://tuntun.am/,Unknown,Unknown,"квартиры, новостройки и аренда",зарубежная недвижимость не подтверждена,B,Официальный сайт каталога; прямой контакт агентского отдела не опубликован,2026-09-15,verified_official_site,first_party_official
Узбекистан,Agreement,Ташкент,https://agreement.uz/,https://agreement.uz/,Unknown,Unknown,"аренда, покупка и продажа жилой/коммерческой недвижимости",зарубежная недвижимость не подтверждена,B,Официальный сайт прямо описывает агентские услуги и базу объектов,2026-09-15,verified_official_site,first_party_official
Узбекистан,Ключи Ташкента,Ташкент,https://klyuchi.uz/,https://klyuchi.uz/,info@klyuchi.uz,+998 20 006 46 20,"квартиры, дома, коммерция, новостройки, ОАЭ",новостройки ОАЭ заявлены в официальном каталоге; иные страны не подтверждены,A,"Официальный сайт публикует 1000+ предложений, 500+ сделок, 10 лет, e-mail и телефон",2026-09-15,verified_official_site,first_party_official
Узбекистан,TENCORP,Ташкент,https://tencorp.uz/,https://tencorp.uz/,Unknown,+998 78 113 77 12,"продажа, аренда, новостройки, дома, коммерция",зарубежная недвижимость не подтверждена,B,"Официальный сайт указывает 15 лет опыта, каталог услуг и телефон",2026-09-15,verified_official_site,first_party_official
Узбекистан,Uybor,Ташкент,https://uybor.uz/,https://uybor.uz/,Unknown,Unknown,каталог жилой и коммерческой недвижимости,зарубежная недвижимость не подтверждена,B,Официальный сайт/площадка с разделом недвижимости; agency partnership contact требует проверки,2026-09-15,verified_official_site,first_party_official
Узбекистан,Imorat,Ташкент,https://imorat.uz/,https://imorat.uz/,Unknown,Unknown,продажа и аренда недвижимости,зарубежная недвижимость не подтверждена,B,Официальный домен каталога; прямой агентский контакт не найден,2026-09-15,verified_official_site,first_party_official
Узбекистан,Guzal Real Estate,Ташкент,https://guzal.uz/,https://guzal.uz/,Unknown,Unknown,купля-продажа и аренда жилой/коммерческой недвижимости,зарубежная недвижимость не подтверждена,B,Официальный домен-кандидат; подтверждение действующей страницы и контактов требуется перед outreach,2026-09-15,verified_official_site,first_party_official
Узбекистан,Central Realty,Ташкент,https://centralrealty.uz/,https://centralrealty.uz/,Unknown,Unknown,"купля-продажа, обмен и аренда недвижимости",зарубежная недвижимость не подтверждена,C,Официальный домен-кандидат; необходимо подтвердить активность перед outreach,2026-09-15,verified_official_site,first_party_official
Армения,Ararat Realty,Ереван,https://ararat-realty.am/,https://ararat-realty.am/,Unknown,Unknown,жилая и коммерческая недвижимость,зарубежная недвижимость не подтверждена,B,Официальный сайт-кандидат агентства; direct partnership contact требует проверки,2026-09-15,verified_official_site,first_party_official
Армения,Tatev Realty,Ереван,https://tatevrealty.am/,https://tatevrealty.am/,Unknown,Unknown,"продажа, покупка и аренда недвижимости",зарубежная недвижимость не подтверждена,B,Официальный сайт-кандидат; проверить активность и контакты перед outreach,2026-09-15,verified_official_site,first_party_official
Казахстан,Royal Estate Kazakhstan,Алматы,https://royalestate.kz/,https://royalestate.kz/,Unknown,Unknown,"брокерские услуги, жилые и коммерческие объекты",зарубежная недвижимость не подтверждена,B,Официальный сайт-кандидат агентства; direct agency relations contact требует проверки,2026-09-15,verified_official_site,first_party_official
Беларусь,Стильный дом,Минск,https://stilnydom.by/,https://stilnydom.by/,Unknown,Unknown,жилые и загородные объекты,зарубежная недвижимость не подтверждена,C,Официальный сайт-кандидат; перед outreach подтвердить юридическое лицо и активность,2026-09-15,verified_official_site,first_party_official
Беларусь,Виват-риэлт,Минск,https://vivat-realt.by/,https://vivat-realt.by/,Unknown,Unknown,купля-продажа и аренда недвижимости,зарубежная недвижимость не подтверждена,C,Официальный сайт-кандидат; перед outreach подтвердить действующие контакты,2026-09-15,verified_official_site,first_party_official
